Date,Ist,Naiv,MovingAverage,ARIMA_SARIMA,LSTM_Level,LSTM_LogRendite
2023-07-06,42.0211,42.2347,41.2106,42.2409,41.4840,42.0123
2023-07-07,42.4204,42.0211,41.3829,42.0348,41.3995,41.8013
2023-07-10,42.0980,42.4204,41.6338,42.3946,41.4198,42.2504
2023-07-11,42.3226,42.0980,41.8169,42.1186,41.3476,42.0013
2023-07-12,43.8166,42.3226,41.9983,42.3081,41.5694,42.1776
2023-07-13,45.8876,43.8166,42.2189,43.7192,42.3112,43.6095
2023-07-14,45.3806,45.8876,42.4662,45.7519,43.4201,45.6758
2023-07-17,46.3707,45.3806,42.5895,45.4130,43.8319,45.3688
2023-07-18,47.4016,46.3707,42.7796,46.3065,44.7092,46.3752
2023-07-19,46.9855,47.4016,43.0192,47.3348,45.7284,47.3739
2023-07-20,45.4315,46.9855,43.1823,47.0121,46.3830,46.8785
2023-07-21,44.2229,45.4315,43.3058,45.5296,46.2490,45.3456
2023-07-24,44.5253,44.2229,43.3699,44.2994,45.6338,44.2733
2023-07-25,45.5902,44.5253,43.4898,44.5058,45.5280,44.5452
2023-07-26,45.3636,45.5902,43.7417,45.5211,45.8056,45.4928
2023-07-27,45.8108,45.3636,43.9201,45.3781,45.8017,45.2053
2023-07-28,46.6591,45.8108,44.1588,45.7819,45.8448,45.6533
2023-07-31,46.6381,46.6591,44.4546,46.6042,46.0521,46.5189
2023-08-01,46.4166,46.6381,44.6756,46.6395,46.1506,46.5221
2023-08-02,44.1829,46.4166,44.8799,46.4308,46.3133,46.2560
2023-08-03,44.4284,44.1829,44.9773,44.3230,45.5279,44.0838
2023-08-04,44.5931,44.4284,45.0976,44.4127,45.2113,44.2971
2023-08-07,45.3287,44.5931,45.2063,44.5825,44.8004,44.5265
2023-08-08,44.5772,45.3287,45.3678,45.2811,44.7991,45.3074
2023-08-09,42.4713,44.5772,45.4805,44.6250,44.6428,44.5579
2023-08-10,42.3056,42.4713,45.4133,42.6033,43.8220,42.5034
2023-08-11,40.7756,42.3056,45.2342,42.3162,43.4670,42.3479
2023-08-14,43.6679,40.7756,45.0039,40.8720,42.5638,40.9025
2023-08-15,43.8546,43.6679,44.8688,43.4764,43.0256,43.9111
2023-08-16,43.4014,43.8546,44.6914,43.8426,43.5282,44.1472
2023-08-17,43.2597,43.4014,44.5122,43.4304,43.8015,43.6579
2023-08-18,43.2148,43.2597,44.4036,43.2688,43.9286,43.4907
2023-08-21,46.8757,43.2148,44.3532,43.2177,43.8921,43.5185
2023-08-22,45.5792,46.8757,44.4708,46.6318,45.1774,47.2561
2023-08-23,47.0244,45.5792,44.4702,45.6613,45.7772,46.0018
2023-08-24,47.0713,47.0244,44.5533,46.9303,46.8005,47.3762
2023-08-25,45.9285,47.0713,44.6163,47.0683,47.4028,47.4615
2023-08-28,46.7439,45.9285,44.5798,46.0010,47.4652,46.3555
2023-08-29,48.6891,46.7439,44.5850,46.6912,47.8530,47.1330
2023-08-30,49.1682,48.6891,44.6987,48.5620,48.8276,48.9198
2023-08-31,49.2590,49.1682,44.9479,49.1373,49.4987,49.3212
2023-09-01,48.4147,49.2590,45.1895,49.2532,49.9602,49.3150
2023-09-05,48.4536,48.4147,45.3805,48.4684,49.7817,48.4628
2023-09-06,46.9734,48.4536,45.5368,48.4511,49.6324,48.4862
2023-09-07,46.1549,46.9734,45.6566,47.0670,49.1014,47.0003
2023-09-08,45.4871,46.1549,45.8408,46.2070,48.4252,46.1707
2023-09-11,45.0939,45.4871,45.9999,45.5297,47.5387,45.5443
2023-09-12,44.7864,45.0939,46.2158,45.1190,46.7118,45.2429
2023-09-13,45.4003,44.7864,46.2717,44.8061,46.2975,44.8699
2023-09-14,45.4961,45.4003,46.3490,45.3607,46.0672,45.4356
2023-09-15,43.8182,45.4961,46.4537,45.4900,45.8268,45.5423
2023-09-18,43.8841,43.8182,46.4816,43.9240,44.9669,43.9586
2023-09-19,43.4390,43.8841,46.5151,43.8799,44.5667,44.1117
2023-09-20,42.1603,43.4390,46.3433,43.4674,44.3757,43.6269
2023-09-21,40.9406,42.1603,46.1723,42.2412,43.8161,42.2682
2023-09-22,41.5325,40.9406,45.8681,41.0178,43.0561,41.0337
2023-09-25,42.1434,41.5325,45.5912,41.4943,42.6453,41.7044
2023-09-26,41.8330,42.1434,45.4019,42.1039,42.6353,42.4035
2023-09-27,42.3889,41.8330,45.1564,41.8528,42.7033,42.0541
2023-09-28,43.0088,42.3889,44.8414,42.3530,42.9886,42.6032
2023-09-29,43.4180,43.0088,44.5334,42.9687,43.3735,43.2683
2023-10-02,44.6986,43.4180,44.2414,43.3916,43.7189,43.7452
2023-10-03,43.4360,44.6986,44.0556,44.6153,44.4626,45.0937
2023-10-04,43.9590,43.4360,43.8047,43.5159,44.7607,43.8556
2023-10-05,44.6048,43.9590,43.6540,43.9252,45.3363,44.2702
2023-10-06,45.6768,44.6048,43.5765,44.5631,45.8194,44.8567
2023-10-09,45.1887,45.6768,43.5859,45.6072,46.3691,45.9832
2023-10-10,45.7127,45.1887,43.5907,45.2199,46.5975,45.5452
2023-10-11,46.7188,45.7127,43.6370,45.6789,47.1795,45.9592
2023-10-12,46.8576,46.7188,43.7029,46.6536,47.8210,46.8500
2023-10-13,45.3763,46.8576,43.7710,46.8487,48.1208,47.0476
2023-10-16,46.0092,45.3763,43.8489,45.4700,47.7647,45.7060
2023-10-17,43.8562,46.0092,43.9551,45.9683,47.8532,46.2896
2023-10-18,42.1174,43.8562,43.9760,43.9912,47.0245,44.2645
2023-10-19,42.0226,42.1174,43.9739,42.2269,46.1435,42.5272
2023-10-20,41.3099,42.0226,44.0280,42.0287,45.3766,42.3661
2023-10-23,42.8950,41.3099,44.0168,41.3553,44.3055,41.6489
2023-10-24,43.5817,42.8950,44.0544,42.7915,44.1648,43.2391
2023-10-25,41.7012,43.5817,44.1418,43.5373,44.3385,43.8651
2023-10-26,40.2509,41.7012,44.1075,41.8194,43.7098,41.9222
2023-10-27,40.4246,40.2509,43.9696,40.3424,42.7897,40.4737
2023-10-30,41.0844,40.4246,43.8199,40.4134,42.2630,40.6735
2023-10-31,40.7041,41.0844,43.6392,41.0417,42.1329,41.3780
2023-11-01,42.2462,40.7041,43.5026,40.7284,42.0070,40.9984
2023-11-02,43.4250,42.2462,43.4170,42.1455,42.4954,42.5173
2023-11-03,44.9212,43.4250,43.3580,43.3484,43.1261,43.7045
2023-11-06,45.6658,44.9212,43.3202,44.8237,43.9452,45.2597
2023-11-07,45.8694,45.6658,43.3440,45.6177,44.8699,46.0435
2023-11-08,46.4873,45.8694,43.3519,45.8563,45.8628,46.1582
2023-11-09,46.8626,46.4873,43.3403,46.4474,46.7593,46.6782
2023-11-10,48.2450,46.8626,43.3405,46.8384,47.4354,47.0618
2023-11-13,48.5295,48.2450,43.4840,48.1551,48.2800,48.4812
2023-11-14,49.5635,48.5295,43.6100,48.5112,48.8351,48.7749
2023-11-15,48.7970,49.5635,43.8954,49.4965,49.7800,49.7259
2023-11-16,49.3879,48.7970,44.2293,48.8458,50.1715,48.9489
2023-11-17,49.2062,49.3879,44.5976,49.3497,50.6084,49.4549
2023-11-20,50.3151,49.2062,44.9924,49.2178,50.5579,49.2403
2023-11-21,49.8510,50.3151,45.3634,50.2432,50.7313,50.3805
2023-11-22,48.6253,49.8510,45.6769,49.8806,50.8526,50.0223
2023-11-24,47.6870,48.6253,46.0231,48.7030,50.5789,48.9302
2023-11-27,48.1522,47.6870,46.3949,47.7467,50.1982,47.9026
2023-11-28,47.7320,48.1522,46.7813,48.1222,49.7341,48.2873
2023-11-29,48.0504,47.7320,47.1137,47.7588,49.3776,47.8013
2023-11-30,46.6829,48.0504,47.4810,48.0299,49.1294,48.0427
2023-12-01,46.6779,46.6829,47.7028,46.7695,48.2783,46.7387
2023-12-04,45.4253,46.6779,47.8655,46.6782,47.6297,46.7674
2023-12-05,46.4834,45.4253,47.8907,45.5046,46.7231,45.5753
2023-12-06,45.4223,46.4834,47.9315,46.4148,46.7264,46.5544
2023-12-07,46.5133,45.4223,47.9092,45.4896,46.2554,45.4667
2023-12-08,47.4217,46.5133,47.9105,46.4425,46.3292,46.5375
2023-12-11,46.5443,47.4217,47.9384,47.3629,46.5548,47.5189
2023-12-12,47.5724,46.5443,47.8534,46.6001,46.4498,46.7888
2023-12-13,48.0027,47.5724,47.8056,47.5058,47.1412,47.7567
2023-12-14,48.2642,48.0027,47.7275,47.9750,47.7376,48.1614
2023-12-15,48.8032,48.2642,47.7009,48.2474,48.2632,48.4280
2023-12-18,49.9881,48.8032,47.6716,48.7685,48.7002,49.0342
2023-12-19,49.5160,49.9881,47.7107,49.9113,49.4936,50.2332
2023-12-20,48.0256,49.5160,47.6708,49.5461,50.0282,49.7354
2023-12-21,48.9031,48.0256,47.5795,48.1199,49.9279,48.1963
2023-12-22,48.7434,48.9031,47.5934,48.8463,50.1703,48.9495
2023-12-26,49.1916,48.7434,47.6462,48.7536,50.0137,48.7536
2023-12-27,49.3293,49.1916,47.6982,49.1627,49.9525,49.1904
2023-12-28,49.4341,49.3293,47.7781,49.3205,50.0575,49.3046
2023-12-29,49.4341,49.4341,47.8472,49.4274,50.0454,49.4273
2024-01-02,48.0825,49.4341,47.9848,49.4341,49.8918,49.5639
2024-01-03,47.4846,48.0825,48.0550,48.1681,49.4119,48.3825
2024-01-04,47.9128,47.4846,48.1580,47.5227,49.0691,47.8080
2024-01-05,49.0099,47.9128,48.2295,47.8853,48.9119,48.2010
2024-01-08,52.1603,49.0099,48.4089,48.9388,49.0448,49.3574
2024-01-09,53.0457,52.1603,48.6912,51.9522,50.2239,52.5943
2024-01-10,54.2536,53.0457,48.9724,52.9885,51.4102,53.5638
2024-01-11,54.7247,54.2536,49.3579,54.1753,52.7341,54.6613
2024-01-12,54.6129,54.7247,49.7155,54.6944,53.7253,55.0539
2024-01-16,56.2820,54.6129,50.0460,54.6201,54.3335,54.8807
2024-01-17,55.9535,56.2820,50.4469,56.1734,55.1194,56.5074
2024-01-18,57.0057,55.9535,50.8044,55.9746,55.6676,56.1666
2024-01-19,59.3854,57.0057,51.1553,56.9376,56.3044,57.1580
2024-01-22,59.5482,59.3854,51.6487,59.2298,57.2037,59.5142
2024-01-23,59.7668,59.5482,52.2249,59.5377,57.8164,59.7184
2024-01-24,61.2531,59.7668,52.7681,59.7527,58.6069,59.7583
2024-01-25,61.5077,61.2531,53.3935,61.1567,59.3918,61.1397
2024-01-26,60.9227,61.5077,54.0094,61.4913,59.9560,61.3342
2024-01-29,62.3542,60.9227,54.5890,60.9601,60.0430,60.7073
2024-01-30,62.6626,62.3542,55.2350,62.2613,60.3368,62.1001
2024-01-31,61.4178,62.6626,55.8964,62.6428,60.7642,62.3366
2024-02-01,62.9152,61.4178,56.5632,61.4969,60.6660,61.0659
2024-02-02,66.0426,62.9152,57.3347,62.8180,60.9491,62.4525
2024-02-05,69.2090,66.0426,58.2412,65.8374,61.6578,65.5486
2024-02-06,68.1020,69.2090,59.2512,69.0013,62.7188,68.8645
2024-02-07,69.9746,68.1020,60.0483,68.1724,63.5283,67.8199
2024-02-08,69.5174,69.9746,60.8947,69.8529,64.6748,69.4646
2024-02-09,72.0050,69.5174,61.6579,69.5467,65.1736,68.8748
2024-02-12,72.1198,72.0050,62.5219,71.8428,65.9619,71.2309
2024-02-13,72.0000,72.1198,63.3973,72.1125,66.2683,71.5542
2024-02-14,73.7689,72.0000,64.1832,72.0077,66.8334,71.3918
2024-02-15,72.5291,73.7689,65.0739,73.6541,67.6469,72.9286
2024-02-16,72.4842,72.5291,65.8501,72.6080,67.7551,71.5722
2024-02-20,69.3288,72.4842,66.5050,72.4870,67.6867,71.5371
2024-02-21,67.3523,69.3288,66.9941,69.5270,66.6601,68.7338
2024-02-22,78.3986,67.3523,67.3733,67.4774,65.8637,66.8252
2024-02-23,78.6772,78.3986,68.2306,77.6385,67.6132,77.4917
2024-02-26,78.9517,78.6772,69.0891,78.6593,68.5918,77.8511
2024-02-27,78.5613,78.9517,69.9905,78.9340,69.4822,78.1314
2024-02-28,77.5252,78.5613,70.8009,78.5863,70.3733,77.4511
2024-02-29,78.9716,77.5252,71.5440,77.5913,70.7197,76.2103
2024-03-01,82.1330,78.9716,72.4217,78.8780,71.2369,77.5192
2024-03-04,85.0858,82.1330,73.3826,81.9264,72.1543,80.5549
2024-03-05,85.8155,85.0858,74.3348,84.8932,73.1258,83.6880
2024-03-06,88.5468,85.8155,75.1651,85.7685,74.2952,84.2657
2024-03-07,92.5089,88.5468,76.1873,88.3690,75.5950,86.7373
2024-03-08,87.3768,92.5089,77.3141,92.2495,77.1335,90.4081
2024-03-11,85.6258,87.3768,78.2070,87.6973,76.7577,85.7034
2024-03-12,91.7542,85.6258,78.8881,85.7371,76.4582,84.1465
2024-03-13,90.7310,91.7542,79.8698,91.3482,77.7030,89.7739
2024-03-14,87.7921,90.7310,80.8063,90.7963,78.0747,88.6112
2024-03-15,87.6853,87.7921,81.5075,87.9777,77.7314,85.6539
2024-03-18,88.3022,87.6853,82.2653,87.6921,77.4754,85.5624
2024-03-19,89.2436,88.3022,83.0562,88.2625,77.2846,86.5007
2024-03-20,90.2159,89.2436,84.0519,89.1829,77.7728,87.3625
2024-03-21,91.2770,90.2159,85.1951,90.1532,78.3884,88.1231
2024-03-22,94.1261,91.2770,85.8390,91.2086,79.1191,89.2136
2024-03-25,94.8379,94.1261,86.6115,93.9407,80.0528,92.0971
2024-03-26,92.4011,94.8379,87.4058,94.7921,80.6557,93.1314
2024-03-27,90.0941,92.4011,88.0978,92.5555,80.9303,90.6969
2024-03-28,90.1999,90.0941,88.7262,90.2403,80.6545,88.4160
2024-04-01,90.2069,90.1999,89.2876,90.1931,80.6777,88.4339
2024-04-02,89.2975,90.2069,89.6913,90.2065,80.5838,88.5937
2024-04-03,88.8103,89.2975,89.9019,89.3555,80.4805,87.6533
2024-04-04,85.7566,88.8103,90.0517,88.8415,80.3842,87.1137
2024-04-05,87.8560,85.7566,89.9122,85.9493,79.5511,84.3297
2024-04-08,86.9825,87.8560,89.6795,87.7198,79.7444,86.5706
2024-04-09,85.2065,86.9825,89.6598,87.0383,79.5932,86.0330
2024-04-10,86.8886,85.2065,89.6388,85.3194,79.3121,84.4804
2024-04-11,90.4595,86.8886,89.3956,86.7797,79.9456,86.2142
2024-04-12,88.0337,90.4595,89.3820,90.2260,81.1811,89.8350
2024-04-15,85.8524,88.0337,89.3941,88.1873,81.1053,87.7953
2024-04-16,87.2640,85.8524,89.3024,85.9907,80.6539,85.9819
2024-04-17,83.8898,87.2640,89.2505,87.1727,81.2982,87.3090
2024-04-18,84.5247,83.8898,88.9828,84.1023,80.7237,84.1193
2024-04-19,76.0684,84.5247,88.6983,84.4839,80.7177,84.8730
2024-04-22,79.3806,76.0684,87.9378,76.5845,78.2136,76.8065
2024-04-23,82.2806,79.3806,87.2006,79.1639,78.0368,80.5042
2024-04-24,79.5394,82.2806,86.5727,82.0914,78.6586,83.3439
2024-04-25,82.4893,79.5394,85.9296,79.7125,78.2918,80.5483
2024-04-26,87.5835,82.4893,85.5494,82.2968,78.8425,83.5302
2024-04-29,87.6054,87.5835,85.4185,87.2474,80.2122,88.7694
2024-04-30,86.2527,87.6054,85.2885,87.6040,81.3072,89.0668
2024-05-01,82.8975,86.2527,85.1362,86.3389,82.1277,87.5554
2024-05-02,85.6688,82.8975,84.8406,83.1088,81.8063,84.1665
2024-05-03,88.6356,85.6688,84.8362,85.4882,82.4627,86.8881
2024-05-06,91.9808,88.6356,84.8752,88.4422,83.2980,89.8225
2024-05-07,90.3976,91.9808,85.1251,91.7625,84.4852,93.3151
2024-05-08,90.2558,90.3976,85.3846,90.4983,85.2024,91.5932
2024-05-09,88.5937,90.2558,85.5530,90.2649,85.7514,91.2377
2024-05-10,89.7227,88.5937,85.4597,88.6994,85.6872,89.4149
2024-05-13,90.2428,89.7227,85.5442,89.6499,85.7492,90.5142
2024-05-14,91.1982,90.2428,85.7637,90.2094,85.6518,91.1719
2024-05-15,94.4665,91.1982,85.9604,91.1366,86.1338,91.9001
2024-05-16,94.1960,94.4665,86.4892,94.2534,86.9905,94.9957
2024-05-17,92.3192,94.1960,86.9728,94.2133,87.2967,94.6750
2024-05-20,94.6163,92.3192,87.7853,92.4385,87.0389,92.8818
2024-05-21,95.2212,94.6163,88.5471,94.4672,87.3185,95.2678
2024-05-22,94.7860,95.2212,89.1942,95.1823,87.9118,95.6766
2024-05-23,103.6197,94.7860,89.9565,94.8138,88.0008,95.3021
2024-05-24,106.2851,103.6197,91.0130,103.0290,89.7524,104.0244
2024-05-28,113.7042,106.2851,91.9481,106.1120,91.2283,106.5665
2024-05-29,114.6266,113.7042,93.2530,113.2131,92.9753,113.8508
2024-05-30,110.3091,114.6266,94.6717,114.5672,94.4333,114.4062
2024-05-31,109.4436,110.3091,96.0423,110.5811,94.4753,109.7617
2024-06-03,114.8013,109.4436,97.2310,109.4989,94.1536,108.6599
2024-06-04,116.2359,114.8013,98.5393,114.4499,94.4306,113.8609
2024-06-05,122.2285,116.2359,99.7521,116.1433,94.8713,114.7310
2024-06-06,120.7890,122.2285,101.3436,121.8349,95.7762,119.9769
2024-06-07,120.6792,120.7890,102.8703,120.8808,95.7489,118.3003
2024-06-10,121.5796,120.6792,104.4746,120.6862,95.7356,117.7661
2024-06-11,120.7111,121.5796,106.0674,121.5216,95.3087,118.6698
2024-06-12,124.9940,120.7111,107.5908,120.7666,95.2190,117.3334
2024-06-13,129.3967,124.9940,109.2806,124.7147,95.6986,120.9670
2024-06-14,131.6630,129.3967,111.0271,129.1097,96.3679,124.7757
2024-06-17,130.7645,131.6630,112.9005,131.5164,96.8337,126.7333
2024-06-18,135.3569,130.7645,114.8227,130.8219,96.4832,126.2198
2024-06-20,130.5648,135.3569,116.8598,135.0575,97.2551,130.1510
2024-06-21,126.3617,130.5648,118.6269,130.8671,97.0470,125.4554
2024-06-24,117.9156,126.3617,120.2057,126.6273,96.3679,121.6305
2024-06-25,125.8825,117.9156,120.9205,118.4401,94.5919,114.2360
2024-06-26,126.1920,125.8825,121.9004,125.3556,95.4297,121.5767
2024-06-27,123.7860,126.1920,122.5248,126.1721,95.9655,121.8533
2024-06-28,123.3367,123.7860,122.9827,123.9389,96.1268,119.5885
2024-07-01,124.0955,123.3367,123.6341,123.3655,96.3322,119.5388
2024-07-02,122.4681,124.0955,124.3667,124.0467,96.5619,120.9990
2024-07-03,128.0689,122.4681,124.7501,122.5719,97.0477,119.5179
2024-07-05,125.6230,128.0689,125.3417,127.7020,98.5333,124.8574
2024-07-08,127.9890,125.6230,125.5114,125.7785,98.9497,122.7782
2024-07-09,131.1638,127.9890,125.8714,127.8359,99.5600,125.6369
2024-07-10,134.6880,131.1638,126.3957,130.9578,100.9508,128.7492
2024-07-11,127.1904,134.6880,127.0511,134.4591,102.4081,132.0812
2024-07-12,129.0273,127.1904,127.3751,127.6586,101.8932,125.2850
2024-07-15,128.2287,129.0273,127.5767,128.9087,102.3518,127.2669
2024-07-16,126.1521,128.2287,127.5183,128.2797,102.3540,127.0774
2024-07-17,117.7958,126.1521,127.2428,126.2843,102.4115,125.0266
2024-07-18,120.8907,117.7958,126.5943,118.3149,100.9792,117.1585
2024-07-19,117.7359,120.8907,125.8710,120.6898,101.0844,120.4032
2024-07-22,123.3367,117.7359,125.2296,117.9358,100.3833,117.6997
2024-07-23,122.3883,123.3367,125.0783,122.9695,100.9708,123.7725
2024-07-24,114.0620,122.3883,125.3020,122.4489,101.5354,122.8767
2024-07-25,112.0952,114.0620,124.7109,114.5787,100.2680,114.9178
2024-07-26,112.8740,112.0952,124.0061,112.2204,99.4225,113.4732
2024-07-29,111.4064,112.8740,123.4605,112.8238,99.0765,114.6966
2024-07-30,103.5593,111.4064,122.8640,111.5000,98.3303,113.6018
2024-07-31,116.8274,103.5593,121.8372,104.0457,96.6317,105.6523
2024-08-01,109.0303,116.8274,121.5551,115.9274,98.1159,119.4987
2024-08-02,107.0935,109.0303,120.6032,109.5145,97.2694,111.8742
2024-08-05,100.2847,107.0935,119.6767,107.2167,96.5882,110.1463
2024-08-06,104.0785,100.2847,118.2915,100.7082,94.8350,103.5503
2024-08-07,98.7472,104.0785,116.9373,103.8308,94.8649,107.4336
2024-08-08,104.7973,98.7472,115.1402,99.0809,93.5062,101.7605
2024-08-09,104.5776,104.7973,114.0206,104.3982,93.6506,108.0388
2024-08-12,108.8406,104.5776,112.7981,104.5917,93.4108,107.9179
2024-08-13,115.9489,108.8406,111.8287,108.5620,94.0956,112.6753
2024-08-14,117.8857,115.9489,111.3185,115.4792,96.4723,119.9206
2024-08-15,122.6578,117.8857,111.3230,117.7605,98.5908,121.7787
2024-08-16,124.3750,122.6578,111.4114,122.3460,101.0878,126.5549
2024-08-19,129.7861,124.3750,111.7433,124.2641,103.0729,128.1529
2024-08-20,127.0406,129.7861,112.0658,129.4320,105.1903,133.8007
2024-08-21,128.2886,127.0406,112.2984,127.2150,106.4298,130.5809
2024-08-22,123.5364,128.2886,113.0097,128.2081,107.5235,131.1525
2024-08-23,129.1571,123.5364,113.5818,123.8359,107.1341,126.0143
2024-08-26,126.2519,129.1571,114.3959,128.7889,107.7393,131.2885
2024-08-27,128.0889,126.2519,115.1382,126.4363,106.9588,128.6340
2024-08-28,125.4033,128.0889,116.3647,127.9702,107.2583,129.9304
2024-08-29,117.3965,125.4033,116.7935,125.5739,106.7855,127.0138
2024-08-30,119.1736,117.3965,117.2118,117.8945,105.1257,119.0477
2024-09-03,107.8223,119.1736,117.8158,119.0588,104.3247,120.7753
2024-09-04,106.0352,107.8223,118.1927,108.5169,101.2012,109.9241
2024-09-05,107.0336,106.0352,118.2905,106.1490,99.5320,108.1432
2024-09-06,102.6608,107.0336,118.7048,106.9693,98.2103,109.1144
2024-09-09,106.2948,102.6608,118.5980,102.9359,96.0692,104.8201
2024-09-10,107.9221,106.2948,118.6839,106.0579,95.3825,108.9149
2024-09-11,116.7176,107.9221,118.6380,107.8170,95.3450,110.3415
2024-09-12,118.9541,116.7176,118.6764,116.1324,96.8131,119.4100
2024-09-13,118.9142,118.9541,118.7298,118.8094,98.3691,121.9699
2024-09-16,116.5978,118.9142,118.5426,118.9167,99.4808,121.9909
2024-09-17,115.4097,116.5978,118.1538,116.7451,99.8157,119.7978
2024-09-18,113.1931,115.4097,117.4350,115.4855,100.4261,118.3289
2024-09-19,117.6861,113.1931,116.7426,113.3340,100.4167,115.8946
2024-09-20,115.8190,117.6861,116.2125,117.3926,101.2942,120.4146
2024-09-23,116.0786,115.8190,115.8266,115.9379,101.2242,118.6626
2024-09-24,120.6814,116.0786,115.1727,116.0619,101.4840,119.2318
2024-09-25,123.3173,120.6814,114.8941,120.3807,102.7220,123.5541
2024-09-26,123.8465,123.3173,114.6556,123.1465,104.0174,125.9225
2024-09-27,121.2106,123.8465,114.5777,123.8125,104.8729,126.1227
2024-09-30,121.2505,121.2106,114.7684,121.3780,104.8396,123.4574
2024-10-01,116.8175,121.2505,114.8723,121.2480,104.6076,123.6628
2024-10-02,118.6646,116.8175,115.3220,117.0969,103.9069,119.1096
2024-10-03,122.6583,118.6646,115.9535,118.5452,103.8406,120.6768
2024-10-04,124.7251,122.6583,116.7347,122.3981,104.1819,124.4785
2024-10-07,127.5207,124.7251,117.8380,124.5915,104.6553,126.4980
2024-10-08,132.6827,127.5207,118.8993,127.3395,105.0811,129.5893
2024-10-09,132.4431,132.6827,120.1373,132.3453,106.6946,134.3148
2024-10-10,134.5997,132.4431,120.9236,132.4584,107.4142,133.6900
2024-10-11,134.5897,134.5997,121.7058,134.4603,108.0895,135.3897
2024-10-14,137.8546,134.5897,122.4896,134.5903,108.3043,135.0460
2024-10-15,131.3947,137.8546,123.5524,137.6428,108.3198,138.3559
2024-10-16,135.5083,131.3947,124.3517,131.7999,107.4489,131.9788
2024-10-17,136.7164,135.5083,125.4675,135.2405,107.8339,135.5682
2024-10-18,137.7847,136.7164,126.4190,136.6385,107.8939,136.4960
2024-10-21,143.4858,137.7847,127.5173,137.7159,108.0363,137.2244
2024-10-22,143.3660,143.4858,128.8876,143.1131,108.3474,142.9635
2024-10-23,139.3423,143.3660,130.0218,143.3737,108.8336,142.4023
2024-10-24,140.1909,139.3423,130.8231,139.5970,108.3933,138.2173
2024-10-25,141.3192,140.1909,131.6403,140.1363,108.3847,138.6149
2024-10-28,140.3008,141.3192,132.6457,141.2465,108.2532,139.6091
2024-10-29,141.0296,140.3008,133.5983,140.3659,107.6214,138.9655
2024-10-30,139.1226,141.0296,134.8089,140.9828,107.8275,139.3555
2024-10-31,132.5529,139.1226,135.8318,139.2442,107.6313,137.3552
2024-11-01,135.1888,132.5529,136.3265,132.9649,106.3853,131.3441
2024-11-04,135.8378,135.1888,136.8497,135.0181,106.2721,134.1675
2024-11-05,139.6917,135.8378,137.2655,135.7960,106.0868,135.4243
2024-11-06,145.3829,139.6917,137.6160,139.4412,107.1601,138.9386
2024-11-07,148.6478,145.3829,138.2630,145.0109,108.6698,144.3385
2024-11-08,147.3997,148.6478,138.9654,148.4361,109.9534,147.5220
2024-11-11,145.0334,147.3997,139.6059,147.4794,110.2967,146.4201
2024-11-12,148.0586,145.0334,139.9648,145.1840,109.8639,144.6263
2024-11-13,146.0418,148.0586,140.7980,147.8627,110.7192,147.3180
2024-11-14,146.5310,146.0418,141.3247,146.1704,110.8305,145.2454
2024-11-15,141.7585,146.5310,141.8154,146.4996,110.9700,145.6834
2024-11-18,139.9313,141.7585,142.0141,142.0599,110.1253,141.5114
2024-11-19,146.7807,139.9313,141.8364,140.0478,109.3434,140.4552
2024-11-20,145.6624,146.7807,142.0071,146.3313,110.4847,146.8671
2024-11-21,146.4412,145.6624,142.3231,145.7339,110.8419,146.0277
2024-11-22,141.7285,146.4412,142.6356,146.3911,111.2682,147.1355
2024-11-25,135.8078,141.7285,142.6561,142.0263,110.8330,142.7117
2024-11-26,136.7064,135.8078,142.4314,136.1801,109.2767,137.5564
2024-11-27,135.1288,136.7064,142.2153,136.6486,109.2679,138.1110
2024-11-29,138.0343,135.1288,142.0156,135.2295,108.7624,136.3436
2024-12-02,138.4137,138.0343,142.2897,137.8461,109.0323,139.2024
2024-12-03,140.0412,138.4137,142.4509,138.3893,108.8197,140.0207
2024-12-04,144.9136,140.0412,142.6611,139.9362,109.4002,141.5669
2024-12-05,144.8437,144.9136,142.9222,144.5959,110.6398,146.3901
2024-12-06,142.2276,144.8437,142.8952,144.8482,111.3586,146.5045
2024-12-09,138.6030,142.2276,142.5742,142.3940,111.3577,144.1946
2024-12-10,134.8686,138.6030,142.1344,138.8327,110.6303,141.2450
2024-12-11,139.1022,134.8686,141.6261,135.1051,109.9622,137.4865
2024-12-12,137.1352,139.1022,141.1783,138.8267,110.4769,141.5387
2024-12-13,134.0498,137.1352,140.7330,137.2605,110.1908,139.6496
2024-12-16,131.8031,134.0498,140.1089,134.2456,109.4062,136.8753
2024-12-17,130.1956,131.8031,139.6112,131.9461,108.5563,135.2962
2024-12-18,128.7178,130.1956,139.1244,130.2981,108.1908,133.6782
2024-12-19,130.4851,128.7178,138.2212,128.8121,107.7507,132.2169
2024-12-20,134.4991,130.4851,137.4624,130.3710,107.6922,134.0882
2024-12-23,139.4617,134.4991,136.8653,134.2379,108.1054,138.3557
2024-12-24,140.0109,139.4617,136.7519,139.1379,109.2259,143.8795
2024-12-26,139.7213,140.0109,136.9621,139.9756,110.2747,143.9043
2024-12-27,136.8057,139.7213,137.1128,139.7399,110.9174,143.1385
2024-12-30,137.2849,136.8057,137.1967,136.9909,110.6784,140.2932
